購囚簡,巷望兆,糾凸仇峽,麼唔恢瞳,選狼繁,窮三,返字,麼勣弁仇
shenzhen," Hengfeng Jewelry Co., Limited??",http://szhfjewelry.en.alibaba.com/contactinfo.html,,Ms. Nicole Jiang,86-0755-27095460,15820420823,
shenzhen," Merryshine Jewelry Co., Ltd.??",http://merryshine.en.alibaba.com/contactinfo.html,"Necklaces,DIY Bracelets,Earrings,Rings,Harmony Bola.",Ms. Jane Huang,86-0755-25509925,13828765603,South America 20%、North America 20%、Eastern Europe 10%
shenzhen," Sist Technology Co., Ltd.??",http://sist.en.alibaba.com/contactinfo.html,"Facial Care Series,Head & Neck Care Series,Body Care Series,Manicure & Pedicure Series",Mr. Mascret Wong,86-755-27801955,13760208875,North America 33%、Western Europe 15%、Eastern Asia 10%
shenzhen," Eyco Technology Co., Ltd.??",http://eycotech.en.alibaba.com/contactinfo.html,Home Use Beauty Device,Mr. Eyco beauty,,,Eastern Asia 30%、North America 28%、South America 5%
shenzhen," Camworx Technology Co., Ltd.??",http://camworx.en.alibaba.com/contactinfo.html,"Fashion jewelry,Necklaces,Rings,Earrings,Bracelets",Ms. Kathy Han,86-755-82132220,86-13751167095,Northern Europe 12%、South America 12%、Southern Europe 12%
shenzhen," V.Me Jewelry Co., Ltd.??",http://vmesilver.en.alibaba.com/contactinfo.html,"Silver Jewelry,Gold Jewelry",Mr. Eric Huang,,,North America 25%、Eastern Asia 18%、Western Europe 15%
shenzhen," Xinyashang Jewelry Co., Ltd.??",http://china316l.en.alibaba.com/contactinfo.html,"Bracelet,Earring,Pendant,Necklace,Ring",Ms. Ariel Chiang,86-0755-28050039,13794454862,Eastern Asia 32%、North America 29%、Western Europe 25%
shenzhen," SureBeauty E-Commerce Co., Ltd.??",http://surebty.en.alibaba.com/contactinfo.html,"IPL,Skin Care,Hair Care,Cavitatioin,RF Vacuum",Mr. Henry Wang,,,Western Europe 20%、South America 13%、Eastern Europe 12%
shenzhen, Golden Moon Trade Ltd.??,http://golden-moon.en.alibaba.com/contactinfo.html,"Lip Piercing,Industrial Piercing,Body Jewelry,Belly Ring,Nose Piercing",Mr. Sam Sun,86-755-23005504,15986607290,North America 89%、Western Europe 10%、Oceania 1%
shenzhen," Moreme Smart Tech Co., Ltd.??",http://djmmoreme.en.alibaba.com/contactinfo.html,Skin Analyzer/ Hair Analyzer/ Skin Moisture Analyzer/ Essence Ejector/ RF Device,Ms. Alice Cheng,86-075-13202250928,,Domestic Market 65%、Western Europe 10%、Oceania 10%
shenzhen,"1000s Jewelry Co., Ltd.??",http://gold-jewelry.en.alibaba.com/contactinfo.html,"Karat Gold Jewelry,925 Sterling Silver Jewelry,Brass Jewelry,Stainless Steel Jewelry,Crystal Jewelry",Mr. Leo Yang,86-0755-27804000,18718936686,North America 40%、North America 40%、Oceania 10%
shenzhen,"Yiwu Hongri Import & Export Co., Ltd.??",http://hongricn.en.alibaba.com/contactinfo.html,"Jewelry,Bracelet,Necklace,Ring,Earring",Mr. Hong Ri,0086-0579-8888888,,Eastern Europe 11%、South America 10%
shenzhen," EC-Times Tech Co., Limited??",http://ec-times.en.alibaba.com/contactinfo.html,"Sports Consumer Electronicst Product,headphone,earphone,sport headphone,Bone conduction headphone",Mr. Roy Li,086-0755-23579475,18607550583,North America 50%、Western Europe 35%、Eastern Asia 5%
shenzhen,"Weilai () Industrial Co., Ltd.??",http://weily2021.en.alibaba.com/contactinfo.html,"Smartwatch,Used Mobilephone,Earphone,Phone case,Phone Holder",Ms. Kathy Deng,086-0755-18682390565,18682390565,Domestic Market 50%、North America 30%、Western Europe 20%
shenzhen," Yinggaote Technology Co., Ltd.??",http://ingots.en.alibaba.com/contactinfo.html,"Integrated IC/chip,Transistor,Mosfet,Resistor,Capacitor",Mr. Ingotech Li,86-0755-83953555,,North America 15%、Mid East 10%、Eastern Asia 10%
shenzhen, Xinyi Jewelry Limited??,http://xinyijewelry.en.alibaba.com/contactinfo.html,"Sterling silver /brass jewelry,Stainless steel /titanium jewelry,Tungesten /ceramic jewelry,Mokume gane jewelry,K gold jewelry",Mr. Simon Fan,86-755-26558086,19876281965,North America 29%、Domestic Market 20%、Southern Europe 10%
shenzhen," Wochuan Electronic Co., Ltd.??",http://wocdz.en.alibaba.com/contactinfo.html,"IPL hair removal,Blackhead Remover,Nano Sprayer,Beauty care prouducts,Health care products",Ms. Rebecca Jiang,0086-0086-13823355685,8.61382E+12,Domestic Market 32%、Domestic Market 32%、North America 15%
shenzhen," Huizhizhen Smart Technology Co., Ltd.??",http://topjmksmart.en.alibaba.com/contactinfo.html,"Massagers,RF Beauty Instrument,IPL Hair Removals,Blackhead Remover Vacuum,Ultrasonic Skin Scrubber",Ms. Joy Zhang,86-0755-29036799,13927447237,North America 15%、Eastern Asia 15%、Western Europe 10%
shenzhen," Moyu Jewelry Co., Ltd.??",http://moyujewelry.en.alibaba.com/contactinfo.html,"925 silver pendants,earrings,rings,bracelets,necklaces",Ms. Summer Chan,86-0660-6220002,,Central America 30%、North America 30%、South America 25%
shenzhen," OOTrend Jewelry Co., Ltd.??",http://ootrendjewelry.en.alibaba.com/contactinfo.html,"Stainless Steel Jewelry,Titanium Jewelry,Tungsten Jewelry,Ceramic Jewelry,Other Jewelry",Ms. ooTrend Jewelry,86-0769-82385080,13410205945,Oceania 10%、Mid East 10%、Northern Europe 10%
shenzhen,"Yiwu Ruigang Jewelry Co., Ltd.??",http://cnalpha.en.alibaba.com/contactinfo.html,"Necklace,Anklet,Bracelet,Ring,Earring",Mr. Ryan Wang,86-579-85230116,15268694782,North America 60%、Southern Europe 20%、Western Europe 20%
shenzhen," Mascot Jewelry Co., Ltd.??",http://szmascot.en.alibaba.com/contactinfo.html,"Rings,Bracelets and Bangle,Pendants and Necklaces,Earring,Jewelry set.",Ms. Sarah Li,86-755-28993789,8613502367058,Eastern Europe 25%、South America 20%、North America 10%
shenzhen," Mareal Technology Co., Ltd.??",http://szmlay.en.alibaba.com/contactinfo.html,"IPL Hair Removal,Laser Hair Removal,Permanent Hair Removal,RF Beauty Device,Wireless Eye Massager",Ms. nicole chen,0755-2372-9558,,North America 30%、Mid East 30%、Eastern Asia 10%
shenzhen,"Guangzhou Xingai Jewelry Ltd., Co.??",http://touchlove.en.alibaba.com/contactinfo.html,"Fashion Accessories Jewelry,Stainless Steel Bracelets,Stainless Steel Necklaces,Titanium Steel Rings,Titanium Steel Earrings",Ms. Touch Love,86-020-81537159,15014282797,Western Europe 35%、South America 20%、North America 15%
shenzhen,"Spower Technology Co., Ltd??",http://spowertec.en.alibaba.com/contactinfo.html,"IPL Hair removal,Blackhead removal vacuum,ems facial massager,ultrasonic skin scrubber,mole pen",Ms. ivy D,0755-0721-2611,,Northern Europe 10%、Southern Europe 10%
shenzhen," Daoyun Trade Co., Ltd.??",http://cndaoyun.en.alibaba.com/contactinfo.html,"Jewelry,Jewelry Box,Design,Production,Sales",Mr. Jason Cai,86-0755-18576632117,18576632117,Central America 33%、Western Europe 26%、Eastern Europe 7%
shenzhen,"Shen Zhen Wollet Jewelry. Co., Ltd.??",http://wollet.en.alibaba.com/contactinfo.html,Magnetic jewelry,Ms. wollet jewelry,,,North America 70%、Western Europe 15%、Eastern Asia 6%
shenzhen,"Shanghai Paihao Electronic Commerce Co., Ltd.??",http://cn1510416843.en.alibaba.com/contactinfo.html,Beauty & Personal Care Instrument,Ms. Eva wang,86-0551-64666672,18949884348,Domestic Market 20%、Domestic Market 20%、North America 15%
shenzhen," Macon Technology Co., Ltd.??",http://maconcn.en.alibaba.com/contactinfo.html,"physical therapy equipment,Naturopathic Health products,quantum magnetic analyzer,bioresonance therapy,Automatic pet feeder",Mr. nullnull Macon,86-189-26753719,18926753719,Eastern Asia 18%、North America 14%、Southeast Asia 13%
shenzhen," Perfect Idea Technology Co., Ltd.??",http://perfectidea.en.alibaba.com/contactinfo.html,"Head Massager,Ultrasonic Galvanic Beauty Device,Hot Cold Beauty Device,Ultrasonic Skin Cleanser,Ultrasonic Body Slimming Device",Ms. Jesscia Yang,86-755-29182190,18566560265,Eastern Asia 46%、North America 32%、Domestic Market 16%
shenzhen," COYA Jewelry Co., Ltd.??",http://coyain.en.alibaba.com/contactinfo.html,"stainless steel jewelry,titanium jewelry",Ms. Anna Yip,86-755-33150289,13682407583,Western Europe 30%、Southeast Asia 5%
shenzhen," E-Store Elec-Tech Co., Ltd.??",http://estoretech.en.alibaba.com/contactinfo.html,"Energy Pendant,Anti Radiation Sticker,Face Roller,Energy Bracelet,Alkaline Water System",Ms. Candy Xing,86-0-13751124370,13751124370,North America 40%、Western Europe 20%、Southeast Asia 10%
shenzhen," Kean Silicone Product Co., Ltd.??",http://keansilicon.en.alibaba.com/contactinfo.html,"Baby Feeding,Baby Teething,Silicone kitchen,Baby Bib,Baby Teether",Mr. Mike Zheng,86-755-84676258,86 13798511516,North America 36%、Western Europe 26%、Domestic Market 15%
shenzhen," Right Grand Jewelry Co., Ltd.??",http://rgjewelry.en.alibaba.com/contactinfo.html,"Necklace,Bracelet,Earring,Nose Ring,Belly Ring",Ms. Grace J,0086-755-22659182,13538431561,North America 44%、Northern Europe 10%、South America 10%
shenzhen," ONU Mall Technology Co., Limited??",http://onu-mall.en.alibaba.com/contactinfo.html,"Pest Repeller,Air Humidifier,Vertical Mouse,Collapsible Straws,Water bottle",Ms. Mary Ma,,,Northern Europe 30%、North America 30%、Western Europe 10%
shenzhen," Thriver Digital Tech Co., Ltd.??",http://gooddeal.en.alibaba.com/contactinfo.html,"amplifier board,Power amplifier board,SMT PCBA,PCB Board,Custom PCB",Ms. jany yang,0086-0755-89358878,86-0755-89358878,Northern Europe 10%、Southeast Asia 10%、Central America 10%
shenzhen," Guanke Technology Co., Ltd.??",http://bobobird.en.alibaba.com/contactinfo.html,Wood Watch,Ms. Emma Lau,86-755-23196970,18823713206,North America 22%、Eastern Europe 15%、Southeast Asia 15%
shenzhen," Huibocheng Technology Co., Ltd.??",http://fdltech.en.alibaba.com/contactinfo.html,"Sublimation Products,Mugs,Shopping Bag,Water Bottle,Keychain",Ms. sonrisa chen,86-0755-89346421,8.61592E+12,North America 25%、Southern Europe 20%、Western Europe 10%
shenzhen," Freeflying Tech. Co., Ltd.??",http://freeflying.en.alibaba.com/contactinfo.html,"Beauty Device,Massager,Skin Scrubber",Mr. Lauren Luo,86-755-26514485,13686845885,Western Europe 30%、Southeast Asia 15%、Domestic Market 14%
shenzhen,"Xiamen Yizhou Imp. & Exp. Co., Ltd.??",http://xmyizhou.en.alibaba.com/contactinfo.html,"Plastic Products,Silicone Products",Ms. Elaine Huang,86-592-5662562,13859990367,North America 80%、Northern Europe 5%、Domestic Market 5%
shenzhen," ONULISS Technology Co., Limited??",http://onuliss.en.alibaba.com/contactinfo.html,"Hair Remover,Hair Styling Tools,Blackhead Remover,Face Roller,Massage Gun",Ms. Elian Chen,,,North America 41%、Western Europe 30%、Eastern Europe 8%
shenzhen," Soyoung Technology Development Co., Ltd.??",http://szsoyoung.en.alibaba.com/contactinfo.html,"Nano Mister,Facial Cleanser,Beauty Instrument",Ms. Vivien Wang,0086-755-27953755,18711958286,North America 20%、Mid East 10%、Eastern Europe 10%
shenzhen," BJI Technology Co., Ltd.??",http://beautyjoy.en.alibaba.com/contactinfo.html,"IPL Hair Removal,IPL,Blackhead Remover,LED Mask,Message Gun",Ms. Briella Liu,86-0755-13528459250,18703891331,North America 30%、Western Europe 22%、Oceania 12%
shenzhen," Mister Jewelry Co., Ltd.??",http://mrsjewelry.en.alibaba.com/contactinfo.html,"hiphop jewelry,steel jewelry,luxury jewelry,customized jewelry,diamond jewelry",Mr. Steve Chen,86-020-3345952,13247372746,North America 55%、South America 20%、Central America 6%
shenzhen," Yaozhixing Jewelry Co., Ltd.??",http://szshinystar.en.alibaba.com/contactinfo.html,"Rings,Necklaces,Bracelets,Earrings,Jewelry Sets",Mr. Jack Huang,86-0755-17376759213,,North America 50%、Eastern Europe 10%、Western Europe 10%
shenzhen," Magic Beauty Equipment Co., Ltd.??",http://szmagic.en.alibaba.com/contactinfo.html,"Emsculpting Hifu,Cryolipolysis Slimming Machine,IPL Diode Laser,Facial Machine,Shockwave Therapy",Ms. Wendy MagicPlus,00-86-13926176469,8613926176469,North America 15%、Eastern Europe 10%、Northern Europe 10%
shenzhen,"JX Jewelry () Co., Ltd.??",http://jxgroup.en.alibaba.com/contactinfo.html,"925 JEWELRY,SILVER JEWELRY,gold plating jewelry,alloy jewelry,semi stone",Ms. Lily Liu,86-0755-3333888,8618138822627,North America 40%、South America 10%、Eastern Europe 10%
shenzhen," Magic Beauty Equipment Co., Ltd.??",http://magicbeauty.en.alibaba.com/contactinfo.html,"Cryolipolysis Fat freezing,Diode laser,Hifu,Hydra Microdermabrasion,Elight Laser",Ms. Cherry MagicPlus,00-86-18898563637,8618898563637,South America 15%、Western Europe 15%、Southeast Asia 10%
shenzhen," Xinghuo Import & Export Co., Ltd.??",http://podropshipping.en.alibaba.com/contactinfo.html,"Beauty&Health,3C,Home&Garden,Dropshipping Service,Wareshoue",HONGLIANG CHEN,86-134-20961154,18938856956,North America 50%、Western Europe 20%、Southeast Asia 20%
shenzhen,"Changfeng Electronic Commerce () Co., Ltd.??",http://gincco.en.alibaba.com/contactinfo.html,"925silverjewely,925silvercharms,925silverrings,925silvernecklace,925silverbracelet",Mr. martin huang,010-020-12345678,,Northern Europe 10%、South Asia 10%、Southeast Asia 10%
shenzhen," Guangyang Zhongkang Technology Co., Limited??",http://iriscope.en.alibaba.com/contactinfo.html,"Red Light Therapy Bed,Infrared Helmet,Infrared LED Heating Pad,Wrist Laser Watch,Shock Wave Healing Device",Mr. Michael liu,0086-755-29500180,8613631598551,Western Europe 70%、North America 20%、Eastern Europe 6%
shenzhen," Xinbaoyuan Weaving Co., Ltd.??",http://xby.en.alibaba.com/contactinfo.html,"Woven Label,Print Label,Embroidery Patch,Jacquard Ribbon,Hang Tags",Mr. Justin yang,86-0755-27738894,15915468989,Domestic Market 28%、North America 25%、Western Europe 15%
shenzhen," Daoyun Trade Co., Ltd.??",http://goldencross.en.alibaba.com/contactinfo.html,"Jewelry,Jewelry Box,Jewelry Set,Production,Sales",Mr. Sam Cai,0086-0755-61522037,8618576632117,Central America 33%、Western Europe 26%、Eastern Europe 7%
shenzhen," Tuswans Commerce Co., Ltd.??",http://tuswansjewelry.en.alibaba.com/contactinfo.html,"Bracelet,Necklace,Ring,Earring,Dog Leash",Mr. Will Wong,86-020-18620813288,86-18620813288,North America 18%、Domestic Market 10%、Western Europe 9%
shenzhen," Lisang Jewelry Co., Ltd.??",http://szlisang.en.alibaba.com/contactinfo.html,"Body Jewelry,Body Piercing jewelry,anklet bracelet,Earrings,Necklace",Ms. Hebe Jiang,86-0769-33215288,18682213241,North America 58%、Northern Europe 11%、Western Europe 8%
shenzhen," Valor Jewelry Co., Ltd??",http://valor-industrial.en.alibaba.com/contactinfo.html,"Name necklace,Name bracelet,Anklet,Hoop Earring,Ring",Mr. Mr Alex,,,Domestic Market 30%、Western Europe 25%、North America 25%
shenzhen," Aolingke E-Commerce Co., Ltd.??",http://qingsfashion.en.alibaba.com/contactinfo.html,"Necklace,Bracelet,Earrings,Charms,Rings",Ms. Gina Qings Jewelry,0086-185-76448336,8618576448336,North America 20%、Eastern Europe 15%、South America 15%
shenzhen," Xiteyou Electronic Technology Co., Ltd.??",http://xiteyou.en.alibaba.com/contactinfo.html,"Beauty & Personal Care,Health & Medical,Security & Protection",Mr. tiger li,0086-0755-21505802,15361659808,North America 20%、South America 10%、Southern Europe 10%
shenzhen," BOCO Electronic Technology Co., Ltd.??",http://bocoelec.en.alibaba.com/contactinfo.html,"LED Sparklers,LED Baton stick,Party deco series,LED Bottle holder,LED Bottle sticker",Mr. BOCO GIFT,86-755-23287702,,North America 25%、Northern Europe 15%、Domestic Market 10%
